pick_id,written_at_utc,ticker,side,limit_price_c,size_usd,order_type,close_time_utc,settlement_source,thesis,edge_class,confidence,expected_win_pct,market_implied_pct,placed,fill_price_c,settled_at_utc,result,pnl_usd,postmortem_tag
D-2026-09-19-001,2026-09-19T02:04:45Z,KXDIESELW-26SEP21-T6.52,YES,38,1.00,"limit (take the 38c ask; a 36c bid may not fill before the weekend gap) | placed Sat 9/19 ~16:10 UTC at ~76c (app showed $1 -> $1.32 payout), above the 55c cap the desk gave; break-even now 76% vs confidence 0.80",2026-09-21T05:59:00Z,"EIA Weekly Retail On-Highway Diesel, U.S. average, Monday 2026-09-21 survey (published ~5pm ET Mon) | CORRECTED 2026-09-20: the contract names NO source. Its only rule is 'If the Diesel Price on September 21, 2026 is above $6.52, then the market resolves to Yes.' KXDIESELD-26SEP21 carries the identical rule, close and expiration, so both series settle on ONE print on 2026-09-21, not an EIA weekly average. The original thesis below is left as written (R9); see POSTMORTEMS.md 1a, tag `source`. | GRADED 2026-09-24: EIA's own weekly on-highway diesel print for the week of Mon 2026-09-21 was $6.529/gal; AAA's national daily average on Sun 2026-09-20 was $6.5050. Both clear the $6.52 strike, so the market resolved YES. The desk's own kalshi_desk_board --ticker read could not confirm Kalshi's own settlement field on a finalized market (a script bug, fixed in this commit); grading here relies on the two independent public series, which agree on direction with no ambiguity.","AAA daily U.S. diesel: 6.23 (Mon 9/14) -> 6.31 (9/16) -> 6.40 (9/17) -> 6.45 record (Fri 9/18), +5c/day. EIA has printed 5.5-6.7c ABOVE AAA on the same Monday the last two weeks (6.285 vs 6.23 on 9/14; 5.967 vs ~5.90 on 9/7-8). A flat weekend gives EIA ~6.50; the trend gives 6.57-6.66. ULSD futures fell 2.1% Thursday, which slows but does not reverse retail inside three days. Ladder: 6.50 ask 61, 6.52 ask 38, 6.54 ask 24, 6.56 ask 13 - the market centres ~6.50, i.e. it is pricing Friday's AAA print plus the basis and no weekend rise.",mechanics,0.80,80,37,yes,76,2026-09-21T22:00:00Z,win,0.32,
D-2026-09-19-002,2026-09-19T13:46:50Z,KX30YMORTW-26SEP24-T7.01,YES,41,1.00,"limit (take the 41c ask; 2 contracts = 82c + 4c fee; a 40c bid is the maker alternative) | placed Sat 9/19 ~16:09 UTC at ~43c ($1 -> $2.34 payout), 2c above the 41c limit",2026-09-24T15:59:00Z,"Freddie Mac PMMS 30-year FRM national average published Thu 2026-09-24 12:00 ET; survey window Thu 9/17 00:00 ET through Wed 9/23 23:59 ET (first published value) | GRADED 2026-09-24: Kalshi's own settlement field (surfaced by this session's --ticker fix) reads result=yes as of 16:20:57 UTC, ~21 minutes after close. Freddie Mac's own PMMS page, FRED and every third-party mirror were unreachable (blocked from the sandbox, and the ops runner's own fetch to FRED timed out twice), so this grade rests on Kalshi's determined result rather than a second independent source - the first time that's been the only read available.","PMMS is the window average of application rates, and it has matched the daily Optimal Blue/Mortgage Daily 30-yr series to within 1bp: the 9/17 print (6.95) = mean of 9/10 6.88, 9/11 6.95, 9/14-15 6.95, 9/16 7.05. The 9/24 window already holds 9/17 = 7.01 and 9/18 = 7.05 (MND top-tier 7.19/7.20 after the Fed's 25bp hike on 9/16 to 3.75-4.00 with one more hike in the dots). Flat Mon-Wed gives 7.04; Mon-Wed can fall 4bp to ~7.01 and the print still clears 7.01. The ladder (>7.00 61/72, >7.01 40/41, >7.02 29/30, >7.05 17/22) centres on ~7.01, i.e. it is pricing last week's 6.95 print plus a partial catch-up, not the two known days. Risk: a bond rally Mon-Wed of 5bp+; no scheduled catalyst before Wed (PMIs Tue, new home sales Wed, 2y/5y auctions).",mechanics,0.65,65,41,yes,43,2026-09-24T15:59:00Z,win,1.33,
D-2026-09-19-NP1,2026-09-19T20:33:30Z,KXTOKENUSE-26SEP21 (no pick),,,0.00,"NO PICK - logged so the day's decision is graded, not just its trades",2026-09-21T03:59:00Z,"OpenRouter AI Model Rankings total tokens Sep 14-20, observed 10:00 ET Sep 21","Week-to-date 108.99T at Sat 20:31Z; pace 0.71 T/h (04:08-13:43) then 0.84 T/h (13:43-20:31) vs a 0.777 T/h week average, so the weekend is NOT slower as first assumed. 27.5h remain: at 0.65-0.84 T/h the week lands 126-132T. That band straddles the >126 (ask 89), >128 (ask 82) and >130 (ask 35) strikes, so no strike is clearly mispriced. The book is also inverted and unreliable (>128 bid 52 above >126 bid 46, spreads 26-43 points) and neither direction of the dominance violation is crossable after the spread - R4 again: the edge is the maker's. Deferring to the Sunday 20:00Z read, when only ~4h are unread and the ladder still trades until Mon 03:59Z.",mechanics,,,,n/a,,,,,
D-2026-09-20-NP1,2026-09-20T13:39:34Z,"(board, no pick)",,,0.00,NO PICK - board read 2026-09-20 13:35Z,,n/a,"149 markets kept on the 72h board. Diesel: same settlement print as D-001, so R10 forbids a second unit. AI request-share ladders (KXANTHSHARE/GOOG/DEEP/TENCENT/BABA/OPEN) close in 14h and settle on OpenRouter's request share, a metric the desk still cannot read mid-week - R2 forbids a pick whose source cannot be named and read. CFNAI shows a dominance inversion (>-0.10 at 38/51 below >0.00 at 41/53); buying the dominant leg and selling the dominated costs 110c for a position paying at most 200c but at least 100c, so it is not crossable after the spread - the fourth such non-crossable inversion the desk has found, consistent with R4. Weather search returned nothing above the volume floor. The KXTOKENUSE decision is deferred to the 20:00Z window by design.",,,,,n/a,,,,,
D-2026-09-20-NP2,2026-09-20T20:02:32Z,KXTOKENUSE-26SEP21 (no pick),,,0.00,NO PICK - Sunday 20:00Z pick window,2026-09-21T03:59:00Z,"OpenRouter AI Model Rankings total tokens Sep 14-20, observed 10:00 ET Sep 21","Week-to-date 126.21T at Sun 20:00Z with 4h left; pace 0.794 T/h over the last 6.35h, against 0.711 / 0.841 / 0.711 over the three prior intervals - a tight cluster across 40h. Projection 128.6-130.2T, centred 129.4T. Lag check: 96.45T over the 124.1h elapsed at Sat 04:08Z averages 0.777 T/h against an instantaneous ~0.78, so the bucket lags real time by under an hour and the 4h remaining is the right figure. The market has already absorbed all of this: >126 is 98/99, >128 is 93/98 (break-even 99 vs my 0.93), >130 is 3/14 (break-even 15 vs my ~0.18). Every strike is within a few points of my own estimate, so there is nothing to take. The projection and the market agreeing is the method working, not the method failing.",,,,,n/a,,,,,
D-2026-09-24-NP1,2026-09-24T13:40:25Z,"(board, no pick)",,,0.00,NO PICK - board read 2026-09-24 13:36Z,,n/a,"75 markets kept on the 72h/500vol board (47 Economics, 18 Entertainment mostly YouTube ranking noise, 8 Politics ActBlue fundraiser guesses, 2 Science and Technology). Climate/Weather: zero markets in 72h even at a 50-vol floor. KX30YMORTW-26SEP24-T7.01 (D-002, held) trades 50/54, still 2h from close - not a new pick, already positioned. Investigated KXDIESELD-26SEP25-T6.520 (Diesel prices tomorrow, above $6.520, yes 6/8, ~9% implied): the rule again names no source (R13), so desk_fetch'd AAA's live diesel page before forming any thesis - Current Avg $6.5141 (today), Yesterday $6.5217, Week-ago $6.3956, record $6.5276 set 9/22. Diesel has been falling for two straight days (-0.6c, -0.8c), not rising the way last week's data alone would have suggested. A naive extrapolation from D-001's week would have implied a rising price and made the 9% YES look cheap; the actual print refutes that and lines up with the market's own ~9% - this is R13/R14 working as intended, not a missed edge. No other candidate named a readable source inside its own close window (KXNHSALES closes in 0h, timing risk; ActBlue/YouTube/GPT-release markets fail R2). Zero picks, logged.",,,,,n/a,,,,,
D-2026-09-25-NP1,2026-09-25T13:39:51Z,"(board, no pick)",,,0.00,NO PICK - board read 2026-09-25 13:36Z,,n/a,"152 markets kept on the 72h/500vol board, dominated by a fresh week of KX*SHARE (OpenRouter request-share) ladders opening for 26SEP28 (huge volume, e.g. 18.6k on one GOOGSHARE strike) - still no live read of the request-share settlement metric itself (only a token-count proxy known to diverge from it, per SS6a), so R2 still forbids trading these regardless of size. Diesel (KXDIESELD-26SEP26, KXDIESELW-26SEP28) unchanged from yesterday's read - no new catalyst, not re-underwritten today. The one new, genuinely promising find: KXTXERCOTPEAKD-26SEP26 (Texas ERCOT peak electricity demand today, three strikes 80000/82000/84500 MW). Its rules are unusually specific and DO name a real source - 'the highest value in the TOTAL column of the first complete Actual System Load by Forecast Zone CSV report published by ERCOT' - the first candidate all week whose contract text alone would satisfy R2/R13. But ercot.com, gridstatus.io and the one third-party ERCOT tracker (impedancematch.substack.com) are all blocked from the sandbox, and web search's AI summaries on this contradicted themselves within the same research pass (one claimed heat had broken and load was a mundane 58,129 MW; another claimed an 80,400 MW peak forecast with above-normal temperatures) - exactly the unreliable-source pattern already flagged this week (R14: don't trade an unverified number). No pick on ERCOT without a primary-source read; added www.ercot.com to desk_fetch's allowlist this session (code, tests, lint all green) so the next read can go straight to the source instead of web search - it wasn't live yet in time for today's board (the ops runner runs the base branch, not this uncommitted change), so today's ladder still went unverified. Nothing else on the board named a source both specific and readable inside its own window (ActBlue closes in 0h; Miley Cyrus album debut and Mamdani executive-order markets have no measurable process; EV commodity ladder unchanged and efficient-looking). Zero picks, logged.",,,,,n/a,,,,,
D-2026-09-26-NP1,2026-09-26T13:40:24Z,KXTOKENUSE-26SEP28 (no pick yet),,,0.00,"NO PICK YET - Saturday early read, per R14 the desk defers to a same-day follow-up read, not to Sunday/Monday",2026-09-28T03:35:00Z,"OpenRouter AI Model Rankings total tokens Sep 21-27, week starting Mon 2026-09-21 00:00 UTC","Week-to-date 116.006T at Sat 13:37Z (ten author buckets summed from the market-share endpoint's in-progress 2026-09-21 row). 133.6h elapsed since week start, 38.0h remaining to close - cumulative-average pace 0.868 T/h, projecting 149.0T if that pace holds. The full ladder's own 50% crossover sits between T142 (56/74) and T144 (25/54), i.e. a market-implied median near 143T - about 6T below my projection. But this is a SINGLE data point: last week's confidence came from five reads spread across ~40h, and this week's pace could still be a weekday-heavy artifact (Mon-Sat) that doesn't hold across the two weekend days still remaining, even though last week's postmortem found no such weekday/weekend split. Not sizing a real position on one measurement - a second, time-spaced read this evening will show whether the pace is holding, and the actual pick (if any) gets made then, today, not deferred past market hours the way the desk's Saturday-vs-Sunday mistake worked out last time.",mechanics,,,,n/a,,,,,
D-2026-09-26-001,2026-09-26T19:17:07Z,KXTOKENUSE-26SEP28-T144,YES,56,1.00,"limit (take the 56c ask; 1 contract = 56c + 2c fee = 58c - a 2-contract buy would run 112c, over the $1 target, so 1 contract is the closer fit) | cap 60c, do not chase above that | NOT PLACED: operator confirmed ~21:22 UTC (screenshot) the order was never entered. By then the book had already moved to ~84/16 on this strike - the thesis reads correctly so far (see thesis note), but this specific $1 never risked. Grades as a judgment call at settlement regardless, per SS5 - a skipped pick still counts.",2026-09-28T03:35:00Z,"OpenRouter AI Model Rankings total tokens Sep 21-27, week starting Mon 2026-09-21 00:00 UTC, observed via the market-share endpoint's in-progress 2026-09-21 bucket","Second read confirms the morning's gap and the pace ACCELERATED, not decayed. Read 1 (Sat 13:37Z): 116.006T week-to-date, cumulative pace 0.873 T/h over 139.2h elapsed. Read 2 (Sat 19:14Z): 121.521T, i.e. +5.515T in 5.624h = an interval pace of 0.981 T/h - faster than the week's own average, not slower. Projections from here: 149.7T using the cumulative pace, 153.2T using the faster interval pace, both against 32.34h remaining to the 2026-09-28T03:35Z close. Solving backward: the total only misses 144T if the pace from here falls to 0.695 T/h or below - a ~29-41% slowdown from both measured rates, and below every hourly pace the desk measured last week (0.711-0.841 T/h). The market has moved some since the morning read (T142 went 56/74 to 77/88) but not nearly enough: T144 is still only 33/56 (ask implies ~44-56%) against a position the pace math puts at roughly 0.85. R10: one unit on this print: this is the only pick against this settlement number this week. R11: fixed $1 first, no streak-sizing - this is pick #3 for the desk, unrelated to the last two wins. | GRADED 2026-09-28: final week total 145.845T (summed from the market-share endpoint's now-closed 2026-09-21 bucket; Kalshi's own `result` field was not yet posted at grading time). Clears the 144T strike - the call was correct. Calibration note: the actual figure landed much closer to the 144T floor than the 149.7-153.2T the two-read pace math projected - the accelerating interval pace measured Saturday evening (0.981 T/h) did not fully hold through the rest of the week. The directional call held; the point projection ran hot. No money was ever risked (placed=no), so this grades the desk's judgment only, not a real dollar.",mechanics,0.85,85,56,no,,2026-09-28T03:59:00Z,win,0.00,
D-2026-09-27-NP1,2026-09-27T13:38:54Z,"(board, no pick)",,,0.00,NO PICK - board read 2026-09-27 13:36Z,,n/a,"186 markets kept on the 72h/500vol board - the same families as this week already (KX*SHARE unreadable settlement metric, SOFR nothing takeable, ERCOT grades-next-day-only). D-2026-09-26-001 (KXTOKENUSE-26SEP28-T144) not yet gradeable, settles Mon ~03:35Z. One new instrument this week: KXDIESELMON-26SEP30 (Diesel prices in Sep 2026) and KXDIESELMONAK (Alaska variant) - despite the monthly-sounding title, the rule is the same single-day mechanism already found (R13): 'If the Diesel Price on September 30, 2026 is above $X', no source named. Checked the live AAA print before trusting the ladder: Sun 9/27 current avg $6.4709, down from Sat $6.4839 (-1.3c) and Fri $6.5019 (-1.8c the day before) - the decline is real but decelerating, not accelerating. Naive linear extrapolation to Wed 9/30 lands close to $6.43-6.45, comfortably clearing the $6.40 strike the ladder trades at 64-75c (64-77% implied) - which is roughly where my own rough projection sits too. Two data points of a decelerating decline isn't enough to call this mispriced either way; no edge found, not chased further. Climate/Weather empty again at a 50-vol floor. Zero picks, logged.",,,,,n/a,,,,,
D-2026-09-28-NP1,2026-09-28T12:50:00Z,"(board, no pick)",,,0.00,"NO PICK - board read 2026-09-28 12:44Z (delayed by an unrelated Postgres outage earlier today; no picks or ops requests were attempted during the outage, nothing lost)",,n/a,"224 markets kept on the 72h/500vol board. One genuinely new family: KXOPENSOURCESHARE-26SEP29 (Vercel AI Gateway's Open vs. Closed Token Volume chart, seven strikes 67.5-87.5%) - unlike the OpenRouter KX*SHARE ladders, this one's rule DOES name a specific, real source (Vercel AI Gateway's chart), which would satisfy R2/R13 in principle. But the source host isn't on desk_fetch's allowlist, and even if it were, Vercel's own gateway analytics chart is very likely client-rendered (no public API endpoint found). Circumstantial confirmation: the last 20 trades on the T67.5 strike ranged 7c to 43c inside about 3 hours (12:22 down to 09:23 UTC) with no discernible trend - the same erratic, no-consensus pattern already flagged on the OpenRouter share ladders, consistent with nobody having a reliable read on the true metric either. No pick without a verified source read (R2). Diesel re-checked with two more days of AAA data: mainland US Current Avg fell to $6.4531 (Mon), continuing the run Fri $6.5019 -> Sat $6.4839 -> Sun $6.4709 -> Mon $6.4531 (~-1.3 to -1.8c/day, no clear acceleration or deceleration). Reaching the KXDIESELMON-26SEP30-T6.40 strike by Wed 9/30 needs the price to hold above $6.40 - roughly a $6.42-6.43 landing at the recent pace, which is the same conclusion as yesterday's read (comfortably clears, but the band is close enough to the market's own 50/72 pricing that this isn't a fresh mispricing, just the same picture with one more confirming data point). Alaska diesel (KXDIESELMONAK) statewide Current Avg $6.6307 (Mon), down from $6.6533 (Sun) and a recorded high of $6.6980 (Fri 9/25) - already well below both the T6.90 and T6.70 strikes and declining, which is exactly what the market's own lopsided pricing (yes ask 4c and 10c) already reflects; no edge, matches market. Nothing else on the board named a readable, specific source inside its own close window (JOLTS/UST-yield/Kansas-wheat are real releases but not due before their markets close or already priced to the public calendar; Politics/Entertainment/Companies rows are subjective-judgment or fan-vote markets outside R2). Zero picks, logged.",,,,,n/a,,,,,
D-2026-09-29-NP1,2026-09-29T12:40:00Z,"(board, no pick)",,,0.00,"NO PICK - board read 2026-09-29 12:07Z (note: the board scanner's 8000-event sample missed KXDIESELMON/KXDIESELMONAK entirely despite both being active and above the volume floor - checked them directly by ticker instead; a sampling gap in kalshi_desk_board, not a data problem, worth a fix later but out of scope for a research session)",,n/a,"130 markets kept on the routine scan, but this morning's real work was two diesel markets that both settle tomorrow (Wed 9/30) and both moved a lot overnight. KXDIESELMON-26SEP30-T6.40 (mainland, no source named in its rule, R13): fresh AAA data - Tue Current Avg $6.4391, down from Mon $6.4531 (-1.4c), continuing the week's steady ~1.4-1.8c/day decline with no sign of acceleration. One day to settlement; even the fastest observed daily drop (1.8c) would land at $6.421, comfortably above the $6.40 floor - genuine confidence is roughly 95-97%. But the market caught up overnight: yes ask moved from 83c (Sun night) to 91c by this morning, breakeven now 92% - within a few points of my own estimate, not a clear mispricing anymore. KXDIESELMONAK-26SEP30-T6.6000 (Alaska, RARE case where the rule names its source explicitly - 'according to AAA', R2/R13 satisfied outright) was the more interesting one: Alaska statewide Current Avg $6.6215 (Tue), only 2.15c above the $6.60 strike, down from $6.6307 (Mon) but decelerating hard - Sun-to-Mon fell 2.26c, Mon-to-Tue only 0.92c. Three plausible one-day-ahead scenarios: continued deceleration lands ~$6.617 (clears), holding at yesterday's slower pace lands ~$6.612 (clears), reverting to the faster earlier pace lands ~$6.599 (just misses) - genuinely a close, roughly 65-75% call by my own math. But this repriced in real time while I was researching it: yes ask ran from 49c at 08:23 UTC up to 65c by 12:14 UTC as the same public AAA data filtered through the book, converging almost exactly to my own estimated range (67% breakeven vs my ~65-75%). Calibration note for next time: on these single-day diesel settlements, whatever edge exists between a fresh AAA print and the market's price seems to close within hours, not days - a same-morning re-check on a stale-looking price can find it's already gone by the time the analysis is done. 30-year mortgage rate ladder (KX30YMORTW-26OCT01) checked too: 50% crossover sits around 7.21-7.22%, but no fresh independent daily-rate read is available through the desk's allowlisted sources today (the Optimal Blue/Mortgage Daily proxy used in the past isn't a live desk_fetch target), so no basis to challenge the market's own pricing - R2. Zero picks, logged. | FOLLOW-UP 2026-09-30: both diesel markets closed and the actual AAA prints came in. Mainland: Wed 9/30 Current Avg $6.4139, clearing the $6.40 floor by only 1.39c - the decline actually ACCELERATED overnight (Tue-to-Wed -2.52c, the single largest daily drop of the whole week, right when the 95-97% confidence estimate assumed no acceleration). It still landed YES, but far closer to the edge than that estimate implied; the true uncertainty band should have been wider given daily-decline-rate volatility was itself rising into the settlement date. Alaska: Wed 9/30 Current Avg $6.6106, clearing $6.60 by only 1.06c - the ~65-75% estimate was directionally right and this is close to the bottom of that range. No money was at risk either way (no pick placed on either), so this is a judgment-only calibration record, not a graded pick: next time a single-day diesel settlement is this close, treat the last pre-settlement daily delta as a possible outlier, not the steady-state rate, when projecting the final day.",,,,,n/a,,,,,
D-2026-09-30-NP1,2026-09-30T13:45:00Z,"(board, no pick)",,,0.00,"NO PICK - board read 2026-09-30 13:36Z",,n/a,"138 markets kept on the routine scan - same unreadable/judgment-call categories as every day this week (Politics, AI-release speculation, YouTube fan-vote noise, IPO guessing). One genuinely new instrument: KXDIESELW-26OCT05, a fresh weekly diesel ladder that just opened (title says 'this week' but the rule is the same single-day mechanism already found on KXDIESELMON - 'If the Diesel Price on October 5, 2026 is above $X', R13 again). The $6.40 strike trades 57/61 (63% breakeven for YES). Diesel has declined all week at roughly 1.4-2.5c/day (this week's daily AAA prints: Fri 6.5019, Sat 6.4839, Sun 6.4709, Mon 6.4531, Tue 6.4391, Wed 6.4139 - average ~1.76c/day); a naive straight-line extrapolation 5 more days to Oct 5 would land near $6.33, well below the $6.40 floor (a NO lean) - the opposite direction from the market's current 57/61 YES-leaning price. But every diesel pick this desk has made or analyzed so far has been a ONE-day-ahead call; this is a five-day-ahead call, a materially longer and unvalidated extrapolation window where a multi-day trend is far more likely to plateau, reverse, or get overtaken by a fresh catalyst than a single overnight move is. Not sizing a real position on a naive 5-day linear extrapolation with no track record at that horizon - deferring to the desk's own R14 discipline (build the uncertainty band from measurements, not by assuming the past week's slope holds for another work-week). Watching this one and re-checking with 1-2 more daily AAA reads before forming any real thesis, the same discipline already applied to KXTOKENUSE's two-read method. Zero picks, logged.",,,,,n/a,,,,,
D-2026-10-01-001,2026-10-01T13:45:00Z,KXDIESELW-26OCT05-T6.40,NO,84,1.00,"limit (take the 84c NO ask; cap 87c, do not chase above that) | 1 contract = 84c + 1c fee = 85c, the closer fit to the $1 target",2026-10-05T05:59:00Z,"National AAA average diesel price on October 5, 2026 (inferred from the same single-day rule pattern as KXDIESELMON/KXDIESELMONAK, both of which settle on AAA's national print; this rule does not explicitly name a source - R13 caveat carried over)","This is the second AAA read on the new weekly ladder, the exact follow-up flagged in yesterday's no-pick (D-2026-09-30-NP1) before forming any real thesis. Full week of national diesel prints: Fri 9/25 6.5019, Sat 6.4839 (-1.8c), Sun 6.4709 (-1.3c), Mon 6.4531 (-1.78c), Tue 6.4391 (-1.4c), Wed 9/30 6.4139 (-2.52c), Thu 10/1 6.3895 (-2.44c). The last two days confirm a genuine acceleration (-2.52c, -2.44c) versus the ~1.3-1.8c/day pace earlier in the week - not a one-day outlier, a sustained regime change over two independent reads. Projecting 4 more days to Oct 5 under three scenarios: continuing the recent accelerated pace (-2.48c/day) lands ~$6.29; holding the full-week average (-1.76c/day) lands ~$6.32; even reverting all the way back to the slower early-week pace (-1.5c/day) lands ~$6.33. All three miss the $6.40 floor by 7-11c, a buffer far larger than any single day's observed noise (0.9-2.6c) - no plausible single-day move closes that gap without a specific catalyst (refinery outage, crude spike, supply disruption), and none has been found. Genuine estimate: ~90% NO. Market has moved a lot since yesterday (YES ask 61c -> 18c) as the same public data filtered through the book, but NO ask (84c, 85% breakeven) still sits a few points under my own estimate - unlike the last two days' single-day diesel calls, where the market fully closed the gap within hours, this is a multi-day trend call backed by two consistent reads, not one fresh number everyone else already has too. R10: one unit on this print, the only pick against this settlement. R11: fixed $1, first pick in several days, no streak-sizing. R4 note: crossing the 2c spread here rather than posting a maker order, given how fast this book has been moving all week. | PLACED 2026-10-01: operator confirmed filled at 84c (app showed $1.00 cost, $1.19 max payout, 83% chance at time of screenshot), matching the planned limit exactly - no chase needed.",mechanics,0.90,90,84,yes,84,,,,
D-2026-10-02-NP1,2026-10-02T13:45:00Z,"(board, no pick)",,,0.00,"NO PICK - board read 2026-10-02 13:41Z",,n/a,"Generic 72h/500vol scan kept only Entertainment (YouTube fan-vote noise, Billboard chart guesses) and Politics (ActBlue fundraiser picks, Mamdani EO) - 40 markets, zero in any readable-source category. Confirmed this is the scanner sampling gap, not a genuinely empty board: --category Economics, Science and Technology, and Climate and Weather passes all returned 0 kept, but a direct --ticker check on the held position (KXDIESELW-26OCT05-T6.40, Economics category, active, vol24 1213) proves Economics-category markets exist and are simply not being sampled into the 8000-event scan today - the same known issue flagged 2026-09-29, still unfixed, still out of scope for a research session. --search diesel and --search mortgage both also returned 0 despite the diesel ladder being live, confirming the gap is in the sample, not the search filter. Checked the held position directly: KXDIESELW-26OCT05-T6.40 NO ask has moved from 84c (our fill) to 91c as of this morning (yes ask 40c, last trade 43c on 10/2 07:35Z) - the book has moved further toward NO since yesterday, consistent with the thesis, not a reason to add (R10: one unit per settlement print, already placed). The 30-year mortgage ladder's next weekly close is more than 72h out, legitimately outside the scan horizon, not a gap. No new catalyst, no new readable source, no second unit on an already-traded print. Zero picks, logged.",,,,,n/a,,,,,
D-2026-10-03-NP1,2026-10-03T13:45:00Z,"(board, no pick)",,,0.00,"NO PICK - board read 2026-10-03 13:35Z",,n/a,"18 markets kept on the 72h/500vol scan - Politics (Mamdani EO, Strait of Hormuz traffic ladder) and Entertainment (Drake album date, YouTube runner-up fan-vote noise), nothing in Economics/Science/Climate (same category-filter sampling gap as yesterday, not re-litigated in depth today). One genuinely new find: KXMAXSHIPSHORMUZ-26SEP01, an 8-strike ladder on the highest single-day Strait of Hormuz transit count in September 2026, closing in 71h (2026-10-06T12:59Z). Its rule names a specific, real, checkable source - IMF PortWatch daily chokepoint transit calls - which would satisfy R2/R13 outright, the same kind of find as ERCOT on 2026-09-25. But PortWatch publishes weekly on Tuesdays on a roughly 2-day lag, and the next update (2026-10-06, Tuesday) lands the SAME DAY this market closes - meaning the complete September data set is not actually published anywhere yet as of this read (2026-10-03, Saturday); the most recent public update would only cover through roughly 2026-09-27, missing the final three days of the scored month. Checked whether desk_fetch could reach the source at all: portwatch.imf.org is not on the allowlist (refused), and did not add it today - unlike the ERCOT case, verifying this one even with host access would still mean trading on an incomplete month, which R14 forbids regardless of allowlist access. All eight strikes (AL10 through AL50) are priced within a few cents of each other near the bottom of the book (break-even 4-6 pct YES across very different thresholds), which reads as odd or possibly mispriced against priors about real-world Hormuz tanker traffic, but that is a prior, not a verified measurement - not trading an unverified number (R14). Flagged for a revisit after 2026-10-06 once the final September print is actually public, if the ladder is still open or a sibling month opens with the same pattern. Diesel position (D-2026-10-01-001) re-checked directly: NO ask now 97c (up from 91c yesterday, 84c at fill) as the book keeps converging toward the thesis; last trade 6c YES. Not a new pick (R10), not gradable until 2026-10-05. Zero picks, logged.",,,,,n/a,,,,,
